Product	Calories	Protein	Fat	Carbohydrates	Cost	Link
Oil	900 kcal	0	100 g	0 g		
Walnuts	675 kcal	14.4	63 g	12 g		
Peanuts	611 kcal	25	50 g	11 g		
Cashew	599 kcal	19	47 g	23 g		
Peanut butter	597 kcal	27 g	47.0 	12.0 	0.5 	https://www.ah.nl/producten/product/wi564838/ah-terra-plantaardig-100-pindakaas-naturel
Chocolate	564 kcal	7.8	43 g	31 g		
Protein Muesli	457 kcal	23	19 g	43 g		
Sriracha mayo	429 kcal	1 g	44.0 	6.0 	0.9 	https://www.ah.nl/producten/product/wi516327/yildriz-thaise-sriracha-mayo
Grana Padano	400 kcal	33	29	0 g	€1.25	https://world.openfoodfacts.org/product/20531843/grana-padano-dop-lidl
Spicy cheese	400 kcal	26	32 g	2 g	€1.35	https://www.ah.nl/producten/product/wi193770/de-zaanse-hoeve-pittig-45-geraspt
Oats	375 kcal	14	7 g	59 g	€0.14	
Whey	373	71		7.5	3.0 	https://nl.myprotein.com/p/sports-nutrition/impact-whey-protein/10530943/?variation=17712294
Quinoa	370 kcal	12	6 g	64 g		
Rice	358 kcal	7 g	1 g	79 g	€0.24	
Cheese	353 kcal	23	29 g	0 g	€0.11	
Tagliatelle	338 kcal	14 g	2 g	62 g	€0.40	https://www.ah.nl/producten/product/wi543564/ah-biologisch-tagliatelle-volkoren
Cooking cream	337 kcal	2.5	35 g	3 g	€0.50	
Tortilla	299 kcal	9.1	5 g	53 g	€0.24	https://www.action.com/nl-nl/p/2518234/bueno-comida-tortilla-s/
Chicken borek	262 kcal	10 g	10 g	32 g		https://www.ah.nl/producten/product/wi467677/ah-kip-loempia-borek
Jam	249 kcal	0.5	0 g	60 g		
Whole bread	234 kcal	10	2 g	41 g		
Beef	226 kcal	20	16 g	1 g	€1.40	
Salmon	220 kcal	19	16 g	0 g	€3.13	
Lean beef	170 kcal	20	10 g	1 g		
Avocado	160 kcal	2	15 g	9 g		
Chicken filet	141 kcal	19	6 g	3 g		
Egg	131 kcal	12	9 g	0		
Greek yogurt (bio)	128 kcal	4.5	10 g	5 g		
Red kidney beans	126 kcal	7.8	1 g	22 g	€0.40	
Chicken	120 kcal	23	3 g	0 g		
Carbonara	117 kcal	5 g	8 g	6 g	€1.11	https://www.ah.nl/producten/product/wi96778/ah-pastasaus-carbonara
Banana (frozen)	104 kcal	1 g	0 g	23 g	€0.50	https://www.ah.nl/producten/product/wi582336/ah-zakje-met-banaan-plakjes
Black beans	104 kcal	7.7	1 g	13 g	€0.39	https://www.ah.nl/producten/product/wi188265/ah-terra-zwarte-bonen
Ham	102 kcal	16 g	2 g	5 g	€0.12	https://www.ah.nl/producten/product/wi132224/ah-achterham-grootverpakking
Canned tuna	99 kcal	24	10 g	0 g	€1.12	https://www.ah.nl/producten/product/wi420788/statesman-tonijn-stukken-in-zonnebloemolie
Sweet potato	96 kcal	1.2	0 g	21 g		
Cottage cheese	91 kcal	12 g	3.2 	2.8 	0.4 	https://www.ah.nl/producten/product/wi595367/ah-cottage-cheese
Banana	89 kcal	1.1	0 g	23 g		
Potato	77 kcal	2	0 g	18 g	€0.14	
Canned corn	71 kcal	2.1	1 g	11 g	€0.49	https://www.ah.nl/producten/product/wi101170/ah-biologisch-mai%CC%88skorrels
Quark	66 kcal	12	0 g	4 g	€0.40	https://www.fatsecret.nl/calorie%C3%ABn-voedingswaarde/bayernkrone/magere-kwark-eiwitrijk/100g
Pear	57 kcal	0.4	0 g	15 g		
Blue berries (frozen)	52 kcal	0.4	0 g	11 g		
Apple	52 kcal	0.3	0 g	14 g		
Tomato basil sauce	48 kcal	1.8	1 g	8 g		
Milk	46 kcal	3.3	2 g	5 g	€0.13	https://www.ah.nl/producten/product/wi448314/ah-lactosevrije-houdbare-halfvolle-melk
Apple juice	43 kcal	0 g	0.0 	10.5 	0.1 	
Flavored quark	42 kcal	6.4	0 g	4 g	€0.32	https://www.ah.nl/producten/product/wi585909/ah-magere-kwark-met-magere-yoghurt-aardbei
Orange juice	40 kcal	0.7	0 g	9 g	€0.10	
						
						
						
						
						
						
						
						
						
						
						
						
						
						
						
						
						
						
						
						
						
						
						
						
						
						
						
						
						
						
						
						
						
						
						
						
						
						
						
						
						
						
						
						
						
						
						
						
						
						
						
						
						
						
						
						
						
						
						
						
						
						
						
						
						
						
						
						
						
						
						
						
						
						
						
						
						
						
						
						
						
						
						
						
						
						
						
						
						
						
						
						
						
						
						
						
						
						
						
						
						
						
						
						
						
						
						
						
						
						
						
						
						
						
						
						
						
						
						
						
						
						
						
						
						
						
						
						
						
						
						
						
						
						
						
						
						
						
						
						
						
						
						
						
						
						
						
						
						
						
						
						
						
						
						
						
						
						
						
						
						
						
						
						
						
						
						
						
						
						
						
						
						
						
						
						
						
						
						
						
						
						
						
						
						
						
						
						
						
						
						
						
						
						
						
						
						
						
						
						
						
						
						
						
						
						
						
						
						
						
						
						
						
						
						
						
						
						
						
						
						
						
						
						
						
						
						
						
						
						
						
						
						
						
						
						
						
						
						
						
						
						
						
						
						
						
						
						
						
						
						
						
						
						
						
						
						
						
						
						
						
						
						
						
						
						
						
						
						
						
						
						
						
						
						
						
						
						
						
						
						
						
						
						
						
						
						
						
						
						
						
						
						
						
						
						
						
						
						
						
						
						
						
						
						
						
						
						
						
						
						
						
						
						
						
						
						
						
						
						
						
						
						
						
						
						
						
						
						
						
						
						
						
						
						
						
						
						
						
						
						
						
						
						
						
						
						
						
						
						
						
						
						
						
						
						
						
						
						
						
						
						
						
						
						
						
						
						
						
						
						
						
						
						
						
						
						
						
						
						
						
						
						
						
						
						
						
						
						
						
						
						
						
						
						
						
						
						
						
						
						
						
						
						
						
						
						
						
						
						
						
						
						
						
						
						
						
						
						
						
						
						
						
						
						
						
						
						
						
						
						
						
						
						
						
						
						
						
						
						
						
						
						
						
						
						
						
						
						
						
						
						
						
						
						
						
						
						
						
						
						
						
						
						
						
						
						
						
						
						
						
						
						
						
						
						
						
						
						
						
						
						
						
						
						
						
						
						
						
						
						
						
						
						
						
						
						
						
						
						
						
						
						
						
						
						
						
						
						
						
						
						
						
						
						
						
						
						
						
						
						
						
						
						
						
						
						
						
						
						
						
						
						
						
						
						
						
						
						
						
						
						
						
						
						
						
						
						
						
						
						
						
						
						
						
						
						
						
						
						
						
						
						
						
						
						
						
						
						
						
						
						
						
						
						
						
						
						
						
						
						
						
						
						
						
						
						
						
						
						
						
						
						
						
						
						
						
						
						
						
						
						
						
						
						
						
						
						
						
						
						
						
						
						
						
						
						
						
						
						
						
						
						
						
						
						
						
						
						
						
						
						
						
						
						
						
						
						
						
						
						
						
						
						
						
						
						
						
						
						
						
						
						
						
						
						
						
						
						
						
						
						
						
						
						
						
						
						
						
						
						
						
						
						
						
						
						
						
						
						
						
						
						
						
						
						
						
						
						
						
						
						
						
						
						
						
						
						
						
						
						
						
						
						
						
						
						
						
						
						
						
						
						
						
						
						
						
						
						
						
						
						
						
						
						
						
						
						
						
						
						
						
						
						
						
						
						
						
						
						
						
						
						
						
						
						
						
						
						
						
						
						
						
						
						
						
						
						
						
						
						
						
						
						
						
						
						
						
						
						
						
						
						
						
						
						
						
						
						
						
						
						
						
						
						
						
						
						
						
						
						
						
						
						
						
						
						
						
						
						
						
						
						
						
						
						
						
						
						
						
						
						
						
						
						
						
						
						
						
						
						
						
						
						
						
						
						
						
						
						
						
						
						
						
						
						
						
						
						
						
						
						
						
						
						
						
						
						
						
						
						
						
						
						
						
						
						
						
						
						
						
						
						
						
						
						
						
						
						
						
						
						
						
						
						
						
						
						
						
						
						
						
						
						
						
						
						
						
						
						
						
						
						
						
						
						
						
						
						
						
						
						
						
						
						
						
						
						
						
						
						
						
						
						
						
						
						
						
						
						
						
						
						
						
						
						
						
						
						
						
						
						
						
						
						
						
						
						
						
						
						
						
						
						
						
						
						
						
						
						
						
						
						
						