Label	Product	Serving	Calories	Protein	Fat	Carbohydrates	Cost		Meal	Calories	Protein	Fat	Carbohydrates	Cost		Label	Meal	Multiplier	Calories	Protein	Fat	Carbohydrates	Cost		Label	Calories	Protein	Fat	Carbohydrates	Cost		Label	Calories	Protein	Fat	Carbohydrates	Cost			Label	Target
Beef rice burrito	Tortilla	100 g							Beef rice burrito																MP1															Weight	82kg
Beef rice burrito	Lean beef	250 g							Chicken & rice																MP2															Calories	2,200 kcal
Beef rice burrito	Grana Padano	25 g							Pasta Cacio e Pepe																MP3															Protein	
Beef rice burrito	Rice	50 g							Chicken rice burrito																MP4															Fat	
									Banana shake							Burrito smoothie	Beef rice burrito								MP5															Carbohydrates	
Chicken rice burrito	Tortilla	100 g							Blue shake							Burrito smoothie	Banana shake																								
Chicken rice burrito	Chicken	250 g							Jam smoothie							Burrito smoothie	Tuna																								
Chicken rice burrito	Grana Padano	25 g							Chicken & potatoes																															Label	Target
Chicken rice burrito	Rice	50 g							Sunny eggs							MP1																								Weight	80kg
									Fish & Chips							MP1																								Calories	2,000 kcal
Office lunch	Whole bread	70 g							Banana oatmeal							MP1																								Protein	
Office lunch	Ham	25 g							Milk																															Fat	
Office lunch	Cheese	10 g							6 boiled eggs							MP2	Banana oatmeal																							Carbohydrates	
Office lunch	Sriracha mayo	10 g							Sandwich							MP2	Office lunch	2x																							
									Office lunch							MP2	Chicken & rice																							Label	Target
Sandwich	Whole bread	70 g																																						Weight	78kg
Sandwich	Ham	50 g														MP3	Banana oatmeal																							Calories	1,800 kcal
Sandwich	Grana Padano	15 g														MP3	Fish & Chips	2x																						Protein	
																MP3	Chicken & rice																							Fat	
																																								Carbohydrates	
Jam smoothie	Quark	500 g														MP4	Banana oatmeal																								
Jam smoothie	Jam	90 g														MP4	Blue shake																								
																MP4	Chicken & rice																								
Blue shake	Quark	500 g																																							
Blue shake	Blue berries (frozen)	100 g														MP5	Banana oatmeal																								
Blue shake	Oats	50 g														MP5	Office lunch	2x																							
																MP5	Pasta Cacio e Pepe																								
Banana shake	Quark	500 g																																							
Banana shake	Banana	70 g																																							
Banana shake	Oats	50 g																																							
																																									
Pasta	Tagliatelle	75 g																																							
Pasta	Lean beef	250 g																																							
Pasta	Tomato basil sauce	260 g																																							
																																									
Pasta Cacio e Pepe	Tagliatelle	150																																							
Pasta Cacio e Pepe	Grana Padano	30																																							
Pasta Cacio e Pepe	Lean beef	200																																							
																																									
																																									
6 boiled eggs	Egg																																								
																																									
																																									
Sunny eggs	Egg																																								
Sunny eggs	Grana Padano	50 g																																							
Sunny eggs	Oil	10 g																																							
Orange juice	Orange juice	300 g																																							
Milk	Milk	1000 g																																							
Apple juice	Apple juice	300 g																																							
Fish & Chips	Canned tuna																																								
Fish & Chips	Potato	300 g																																							
																																									
																																									
																																									
Banana oatmeal	Oats	50 g																																							
Banana oatmeal	Quark	200 g																																							
Banana oatmeal	Banana	70 g																																							
Banana oatmeal	Whey	30 g																																							
																																									
																																									
Chicken & rice	Chicken	200 g																																							
Chicken & rice	Rice	100 g																																							
Chicken & rice	Oil	20 g																																							
Chicken & rice	Egg	100 g																																							
Chicken & rice	Sriracha mayo	20 g																																							
																																									
Chicken & potatoes	Chicken	200 g																																							
Chicken & potatoes	Potato	400 g																																							
																																									
Beef & potatoes	Lean beef	200 g																																							
Beef & potatoes	Potato	400 g																																							
																																									
																																									
																																									
																																									
																																									
																																									
																																									
																																									
																																									
																																									
																																									
																																									
																																									
																																									
																																									
																																									
																																									
																																									
																																									
																																									
																																									
																																									
																																									
																																									
																																									
																																									
																																									
																																									
																																									
																																									
																																									
																																									
																																									
																																									
																																									
																																									
																																									
																																									
																																									
																																									
																																									
																																									
																																									
																																									
																																									
																																									
																																									
																																									
																																									
																																									
																																									
																																									
																																									
																																									
																																									
																																									
																																									
																																									
																																									
																																									
																																									
																																									
																																									
																																									
																																									
																																									
																																									
																																									
																																									
																																									
																																									
																																									
																																									
																																									
																																									
																																									
																																									
																																									
																																									
																																									
																																									
																																									
																																									
																																									
																																									
																																									
																																									
																																									
																																									
																																									
																																									
																																									
																																									
																																									
																																									
																																									
																																									
																																									
																																									
																																									
																																									
																																									
																																									
																																									
																																									
																																									
																																									
																																									
																																									
																																									
																																									
																																									
																																									
																																									
																																									
																																									
																																									
																																									
																																									
																																									
																																									
																																									
																																									
																																									
																																									
																																									
																																									
																																									
																																									
																																									
																																									
																																									
																																									
																																									
																																									
																																									
																																									
																																									
																																									
																																									
																																									
																																									
																																									
																																									
																																									
																																									
																																									
																																									
																																									
																																									
																																									
																																									
																																									
																																									
																																									
																																									
																																									
																																									
																																									
																																									
																																									
																																									
																																									
																																									
																																									
																																									
																																									
																																									
																																									
																																									
																																									
																																									
																																									
																																									
																																									
																																									
																																									
																																									
																																									
																																									
																																									
																																									
																																									
																																									
																																									
																																									
																																									
																																									
																																									
																																									
																																									
																																									
																																									
																																									
																																									
																																									
																																									
																																									
																																									
																																									
																																									
																																									
																																									
																																									
																																									
																																									
																																									
																																									
																																									
																																									
																																									
																																									
																																									
																																									
																																									
																																									
																																									
																																									
																																									
																																									
																																									
																																									
																																									
																																									
																																									
																																									
																																									
																																									
																																									
																																									
																																									
																																									
																																									
																																									
																																									
																																									
																																									
																																									
																																									
																																									
																																									
																																									
																																									
																																									
																																									
																																									
																																									
																																									
																																									
																																									
																																									
																																									
																																									
																																									
																																									
																																									
																																									
																																									
																																									
																																									
																																									
																																									
																																									
																																									
																																									
																																									
																																									
																																									
																																									
																																									
																																									
																																									
																																									
																																									
																																									
																																									
																																									
																																									
																																									
																																									
																																									
																																									
																																									
																																									
																																									
																																									
																																									
																																									
																																									
																																									
																																									
																																									
																																									
																																									
																																									
																																									
																																									
																																									
																																									
																																									
																																									
																																									
																																									
																																									
																																									
																																									
																																									
																																									
																																									
																																									
																																									
																																									
																																									
																																									
																																									
																																									
																																									
																																									
																																									
																																									
																																									
																																									
																																									
																																									
																																									
																																									
																																									
																																									
																																									
																																									
																																									
																																									
																																									
																																									
																																									
																																									
																																									
																																									
																																									
																																									
																																									
																																									
																																									
																																									
																																									
																																									
																																									
																																									
																																									
																																									
																																									
																																									
																																									
																																									
																																									
																																									
																																									
																																									
																																									
																																									
																																									
																																									
																																									
																																									
																																									
																																									
																																									
																																									
																																									
																																									
																																									
																																									
																																									
																																									
																																									
																																									
																																									
																																									
																																									
																																									
																																									
																																									
																																									
																																									
																																									
																																									
																																									
																																									
																																									
																																									
																																									
																																									
																																									
																																									
																																									
																																									
																																									
																																									
																																									
																																									
																																									
																																									
																																									
																																									
																																									
																																									
																																									
																																									
																																									
																																									
																																									
																																									
																																									
																																									
																																									
																																									
																																									
																																									
																																									
																																									
																																									
																																									
																																									
																																									
																																									
																																									
																																									
																																									
																																									
																																									
																																									
																																									
																																									
																																									
																																									
																																									
																																									
																																									
																																									
																																									
																																									
																																									
																																									
																																									
																																									
																																									
																																									
																																									
																																									
																																									
																																									
																																									
																																									
																																									
																																									
																																									
																																									
																																									
																																									
																																									
																																									
																																									
																																									
																																									
																																									
																																									
																																									
																																									
																																									
																																									
																																									
																																									
																																									
																																									
																																									
																																									
																																									
																																									
																																									
																																									
																																									
																																									
																																									
																																									
																																									
																																									
																																									
																																									
																																									
																																									
																																									
																																									
																																									
																																									
																																									
																																									
																																									
																																									
																																									
																																									
																																									
																																									
																																									
																																									
																																									
																																									
																																									
																																									
																																									
																																									
																																									
																																									
																																									
																																									
																																									
																																									
																																									
																																									
																																									
																																									
																																									
																																									
																																									
																																									
																																									
																																									
																																									
																																									
																																									
																																									
																																									
																																									
																																									
																																									
																																									
																																									
																																									
																																									
																																									
																																									
																																									
																																									
																																									
																																									
																																									
																																									
																																									
																																									
																																									
																																									
																																									
																																									
																																									
																																									
																																									
																																									
																																									
																																									
																																									
																																									
																																									
																																									
																																									
																																									
																																									
																																									
																																									
																																									
																																									
																																									
																																									
																																									
																																									
																																									
																																									
																																									
																																									
																																									
																																									
																																									
																																									
																																									
																																									
																																									
																																									
																																									
																																									
																																									
																																									
																																									
																																									
																																									
																																									
																																									
																																									
																																									
																																									
																																									
																																									
																																									
																																									
																																									
																																									
																																									
																																									
																																									
																																									
																																									
																																									
																																									
																																									
																																									
																																									
																																									
																																									
																																									
																																									
																																									
																																									
																																									
																																									
																																									
																																									
																																									
																																									
																																									
																																									
																																									
																																									
																																									
																																									
																																									
																																									
																																									
																																									
																																									
																																									
																																									
																																									
																																									
																																									
																																									
																																									
																																									
																																									
																																									
																																									
																																									
																																									
																																									
																																									
																																									
																																									
																																									
																																									
																																									
																																									
																																									
																																									
																																									
																																									
																																									
																																									
																																									
																																									
																																									
																																									
																																									
																																									
																																									
																																									
																																									
																																									
																																									
																																									
																																									
																																									
																																									
																																									
																																									
																																									
																																									
																																									
																																									
																																									
																																									
																																									
																																									
																																									
																																									
																																									
																																									
																																									
																																									
																																									
																																									
																																									
																																									
																																									
																																									
																																									
																																									
																																									
																																									
																																									
																																									
																																									
																																									
																																									
																																									
																																									
																																									
																																									
																																									
																																									
																																									
																																									
																																									
																																									
																																									
																																									
																																									
																																									
																																									
																																									
																																									
																																									
																																									
																																									
																																									
																																									
																																									
																																									
																																									
																																									
																																									
																																									
																																									
																																									
																																									
																																									
																																									
																																									
																																									
																																									
																																									
																																									
																																									
																																									
																																									
																																									
																																									
																																									
																																									
																																									
																																									
																																									
																																									
																																									
																																									
																																									
																																									
																																									
																																									
																																									
																																									
																																									
																																									
																																									
																																									
																																									
																																									
																																									
																																									
																																									
																																									
																																									
																																									
																																									
																																									
																																									
																																									
																																									
																																									
																																									
																																									
																																									
																																									
																																									
																																									
																																									
																																									
																																									
																																									
																																									
																																									
																																									
																																									
																																									
																																									
																																									
																																									
																																									
																																									
																																									
																																									
																																									
																																									
																																									
																																									
																																									
																																									
																																									
																																									
																																									
																																									
																																									
																																									
																																									
																																									
																																									
																																									
																																									
																																									
																																									
																																									
																																									
																																									
																																									
																																									
																																									
																																									
																																									
																																									
																																									
																																									
																																									
																																									
																																									
																																									
																																									
																																									
																																									
																																									
																																									
																																									
																																									
																																									
																																									
																																									
																																									
																																									
																																									
																																									
																																									
																																									
																																									
																																									
																																									
																																									
																																									
																																									
																																									
																																									
																																									
																																									
																																									
																																									
																																									
																																									
																																									
																																									
																																									
																																									
																																									
																																									
																																									
																																									
																																									
																																									
																																									
																																									
																																									
																																									
																																									
																																									
																																									
																																									
																																									
																																									
																																									
																																									
																																									
																																									
																																									
																																									
																																									
																																									
																																									
																																									
																																									
																																									
																																									
																																									
																																									
																																									
																																									
																																									
																																									
																																									
																																									
																																									
																																									
																																									
																																									
																																									
																																									
																																									
																																									
																																									
																																									
																																									
																																									
																																									
																																									
																																									
																																									
																																									
																																									
																																									
																																									
																																									
																																									
																																									
																																									